productcode,SumOfOnorder,SumOfinstock,SumOfavailable,SumOffreeissue,unitcost,stockloc,value,description,Category,subcategory
JUV20QG-86M5-857-03DG3-8U4,0,298,298,438,£1.04,C-22-1,765.44,"H222-16:585-HQ6V pÂ£PLR'(""Product descriptions from vendor"")'",PCB Component,Connector
ZTU74FH-09P4-380-31JF1-3W7,0,34,34,0,£17.34,A-54-3,589.56,"H222-85:637-K2D7 9Â£IT5'(""Product descriptions from vendor"")'",Electronics part,Battery
EGS81VR-63V1-071-39SE0-5K1,0,-144,-264,0,£4.63,C-23-4,-666.72,"W222-52:770-OJYA 3Â£44T'(""Product descriptions from vendor"")'",PCB Component,Connector
BPO49ME-88S4-333-25HE2-9P4,0,37,37,0,£0.99,C-21-1,36.63,"S222-81:715-08P1 bÂ£DDU'(""Product descriptions from vendor"")'",PCB Component,Connector
UCP76AD-26C6-500-49XS5-3C6,0,5,5,0,£3.31,C-21-2,16.56,"J222-99:424-OLKN lÂ£WZA'(""Product descriptions from vendor"")'",PCB Component,Connector
YEL65SB-31G2-929-57DT3-9E6,0,44,44,0,£1.01,C-21-1,44.44,"F222-22:957-LZ7X vÂ£E01'(""Product descriptions from vendor"")'",PCB Component,Connector
AYI32QZ-33V4-401-05SS5-4Y8,0,10,10,0,£0.98,C-21-2,9.8,"L222-96:720-S3J2 bÂ£IRT'(""Product descriptions from vendor"")'",PCB Component,Connector
NPD56RZ-03F6-724-19SJ7-6P4,0,25,25,0,£2.21,C-21-2,55.35,"T222-84:516-T99O sÂ£8V9'(""Product descriptions from vendor"")'",PCB Component,Connector
GCD65KJ-61J1-984-40XK3-0Y6,0,100,100,0,£0.06,C-13-1,5.8,"E222-31:936-A1HM 4Â£8PO'(""Product descriptions from vendor"")'",PCB Component,Diode
USU21ER-50N2-670-65JB8-8N0,0,42,42,0,£1.35,F-14-1,56.7,"T222-27:213-A10X yÂ£PP1'(""Product descriptions from vendor"")'",Electronics part,Cables
IGW54CC-37O1-477-81ZQ9-5V3,0,227,227,0,£2.08,D-12-3,472.16,"P222-12:408-PYAC 1Â£ZZP'(""Product descriptions from vendor"")'",PCB Component,IC's
IUE12CP-57D8-576-02YV3-0V5,0,-148,-148,148,£2.19,D-23-1,0,"H222-70:742-TQQV 5Â£AFY'(""Product descriptions from vendor"")'",PCB Component,IC's
ZXC44CV-13N7-760-76EU9-1R4,0,1000,1000,4800,£0.05,B-23-2,261,"V222-89:503-3ULE jÂ£8F3'(""Product descriptions from vendor"")'",PCB Component,Transistor
FXQ67BC-04X7-317-08NU5-1U4,0,10,10,0,£3.49,C-21-1,34.92,"T222-81:554-919U uÂ£8SE'(""Product descriptions from vendor"")'",PCB Component,Connector
UOJ15YX-12J8-080-22ZU3-9Q3,0,15,15,0,£3.43,C-21-1,51.39,"U222-10:202-YSN4 dÂ£HBO'(""Product descriptions from vendor"")'",PCB Component,Connector
DFF68BF-27V8-770-68QJ1-7O0,0,59,-1,0,£0.18,C-13-2,10.856,"J222-64:739-HBPJ 1Â£RFM'(""Product descriptions from vendor"")'",PCB Component,Diode
IAA35GF-93H8-322-04OZ9-3Z4,0,14,14,0,£1.66,C-22-4,23.24,"J222-27:439-MLPN oÂ£G7B'(""Product descriptions from vendor"")'",PCB Component,Connector
UMI56JC-92Z2-662-93GZ2-3D1,0,84,84,0,£7.46,C-23-4,626.64,"E222-87:054-JCNU dÂ£JPZ'(""Product descriptions from vendor"")'",PCB Component,Connector
FCY28DR-87W8-331-83SH8-8P3,0,-159,-339,0,£3.26,C-23-1,-518.34,"K222-70:203-DJRC aÂ£1MT'(""Product descriptions from vendor"")'",PCB Component,Connector
CHG92XN-58K3-958-18RL0-2G1,0,1,1,0,£0.00,E-12-1,0,"B222-95:245-0A3P dÂ£NNW'(""Product descriptions from vendor"")'",PCB Component,Oscillator
XUW95LX-53S7-676-91UX8-6Q8,0,11,11,0,£4.13,C-23-4,45.43,"L222-94:473-A044 bÂ£BZQ'(""Product descriptions from vendor"")'",PCB Component,Connector
AXZ14AU-84A3-975-13RA4-4J6,0,8,8,0,£10.33,C-23-1,82.64,"B222-11:284-FLUS jÂ£UKF'(""Product descriptions from vendor"")'",PCB Component,Connector
FXI23NJ-29N7-166-26MD8-6C1,0,151,151,7,£0.69,C-22-4,109.178,"X222-79:816-3SK6 wÂ£UNK'(""Product descriptions from vendor"")'",PCB Component,Connector
XRD25ZG-59W4-583-19NJ2-1V1,0,2,2,0,£0.80,F-13-2,1.598,"C222-98:664-R51U mÂ£HCS'(""Product descriptions from vendor"")'",Electronics part,Cable components
NBN54GR-77X4-308-10RZ8-3E0,0,3,3,0,£9.28,C-21-2,27.84,"N222-92:325-HJEV vÂ£6MY'(""Product descriptions from vendor"")'",PCB Component,Connector
EPL76YW-59O3-640-44QN2-5K8,0,6,6,0,£1.10,C-21-1,6.588,"Z222-21:664-7H7D zÂ£6NI'(""Product descriptions from vendor"")'",PCB Component,Connector
RYF32KO-56W7-930-83FW4-1E9,0,63,63,0,£25.89,E-11-4,1631.07,"D222-24:716-4YCN xÂ£ZBC'(""Product descriptions from vendor"")'",PCB Component,IC's
RNZ02HR-92Q5-157-66YU5-9Y2,0,14,14,0,£0.00,F-23-1,0,"J222-55:546-DPAL 4Â£YBM'(""Product descriptions from vendor"")'",Electronics part,Antennas
WXY47IN-71R0-818-84LL9-0A2,0,720,600,0,£0.05,C-22-1,38.592,"H222-06:051-IG51 kÂ£5QU'(""Product descriptions from vendor"")'",PCB Component,Connector
ZNZ47LZ-95S7-881-96FR2-7D3,0,0,0,96,£93.00,,8928,"M222-38:774-U3TY nÂ£X5U'(""Product descriptions from vendor"")'",PCB Component,PCB bare board
FZZ10JM-77C3-606-21TU3-8M0,0,0,0,0,£5.50,I-22-5,0,"V222-43:578-3MER kÂ£HS2'(""Product descriptions from vendor"")'",Mechanical part,Hardware
SBI47OM-98N3-904-75PM6-6C9,0,205,205,0,£0.09,B-23-2,17.63,"G222-27:337-4ZLK 2Â£77K'(""Product descriptions from vendor"")'",PCB Component,Transistor
DMN81BK-97I8-663-80LN9-7I2,0,9000,9000,0,£0.02,B-23-2,198,"W222-58:149-YZO3 zÂ£SMQ'(""Product descriptions from vendor"")'",PCB Component,Transistor
TFD38ZZ-80G5-322-12QG1-8O3,1000,500,1500,0,£0.03,G-13-2,17,"W222-05:157-GCIJ mÂ£RO6'(""Product descriptions from vendor"")'",Mechanical part,Fasteners
ONT80UZ-50E3-963-89SW6-9M0,0,100,100,0,£0.03,G-13-2,2.55,"H222-22:369-JVM1 eÂ£D1V'(""Product descriptions from vendor"")'",Mechanical part,Fasteners
RBW71VI-89A8-451-44QV0-2P8,500,84,584,0,£0.03,G-13-2,2.31,"A222-15:372-YOMV nÂ£W69'(""Product descriptions from vendor"")'",Mechanical part,Fasteners
ALM36YS-20Z7-117-85PP3-2A1,0,247,247,500,£0.18,C-23-3,137.9709,"A222-66:595-ZUMU jÂ£HBT'(""Product descriptions from vendor"")'",PCB Component,Connector
KSD21MV-15S4-804-11KD0-9W3,0,51,51,0,£0.23,C-23-3,11.679,"I222-75:869-35TD 3Â£G5J'(""Product descriptions from vendor"")'",PCB Component,Connector
QUA26FU-56T6-468-85YM5-4K4,0,6,6,0,£0.37,C-23-3,2.22,"B222-37:151-MIBM fÂ£5I1'(""Product descriptions from vendor"")'",PCB Component,Connector
NQK83FT-93V0-974-05CC8-4V6,0,22,22,0,£0.42,C-23-3,9.24,"B222-24:928-88MK jÂ£IDZ'(""Product descriptions from vendor"")'",PCB Component,Connector
YYK31NS-76H0-826-61ZH5-8E4,0,24,24,0,£0.63,C-23-3,15.072,"T222-28:397-NPCP rÂ£6SN'(""Product descriptions from vendor"")'",PCB Component,Connector
YIF72IV-84B7-107-65ET2-5D0,0,50,50,0,£0.55,C-23-3,27.6,"C222-86:178-4U0D kÂ£05T'(""Product descriptions from vendor"")'",PCB Component,Connector
HAG99MQ-36S9-345-54AB4-5M1,0,3,3,0,£0.58,C-23-3,1.725,"P222-59:128-VQMY pÂ£BZQ'(""Product descriptions from vendor"")'",PCB Component,Connector
LTR05HN-05C6-145-10BP7-9M0,0,79,79,0,£0.63,C-23-3,49.77,"Y222-81:805-V1YJ vÂ£SER'(""Product descriptions from vendor"")'",PCB Component,Connector
NAQ70AC-62V9-715-51GX1-2J3,0,902,902,100,£0.51,C-23-3,511.02,"W222-04:588-JK15 4Â£MD5'(""Product descriptions from vendor"")'",PCB Component,Connector
SJY35UO-96G4-691-02CT7-4U7,0,244,244,0,£1.71,D-14-2,417.24,"U222-39:817-QY9S jÂ£GWI'(""Product descriptions from vendor"")'",PCB Component,IC's
PSR72IW-27S6-948-00GE3-1U4,0,47,47,0,£1.25,D-22-1,58.75,"W222-55:816-TZ8H tÂ£YXQ'(""Product descriptions from vendor"")'",PCB Component,IC's
XXS78EI-09E5-991-27FY7-8O8,0,35,35,0,£1.77,D-22-1,62.041,"K222-00:536-IYV7 rÂ£23L'(""Product descriptions from vendor"")'",PCB Component,IC's
KPP07BA-88M1-000-31DU3-3W9,0,1451,1451,0,£1.18,D-22-2,1712.18,"W222-05:248-HPYM lÂ£0GF'(""Product descriptions from vendor"")'",PCB Component,IC's
YJT64FE-66D5-818-30AH3-3T4,0,0,0,542,£1.24,D-22-1,672.08,"U222-24:797-5TEP 9Â£11H'(""Product descriptions from vendor"")'",PCB Component,IC's
MCP04CT-43W6-782-84CG2-0E6,0,255,255,137,£1.12,D-14-1,439.04,"I222-38:994-VQ7M mÂ£45J'(""Product descriptions from vendor"")'",PCB Component,IC's
OEP37BW-89E7-790-29LS3-4C8,0,438,438,0,£1.21,D-22-1,529.98,"N222-63:385-7PCM bÂ£TIL'(""Product descriptions from vendor"")'",PCB Component,IC's
QNY24TO-40N1-354-89FJ3-1A6,0,700,700,0,£0.04,F-13-3,24.5,"Y222-08:688-WAHI nÂ£8X4'(""Product descriptions from vendor"")'",Electronics part,Cable components
GXZ98YH-41J5-533-70MV4-3P0,0,98,98,0,£0.07,C-13-1,6.958,"D222-28:917-FHN4 9Â£NOD'(""Product descriptions from vendor"")'",PCB Component,Diode
MSI53ZR-38P3-433-30UI0-8V1,0,100,100,0,£0.07,C-13-1,7.1,"M222-51:654-HQWQ fÂ£1K5'(""Product descriptions from vendor"")'",PCB Component,Diode
YUC19UD-44S0-567-86BQ7-8F8,0,156,36,0,£0.27,B-22-2,42.12,"I222-07:180-90W6 qÂ£E53'(""Product descriptions from vendor"")'",PCB Component,Capacitor
XBB22MO-71G7-227-70NY7-9D4,0,144,144,0,£0.00,F-13-2,0,"N222-67:827-2U8I rÂ£2LQ'(""Product descriptions from vendor"")'",Electronics part,Cables
VZY74ZH-45U1-514-88VD5-8T3,0,144,144,0,£0.00,F-13-3,0,"A222-35:432-HVS8 oÂ£1C2'(""Product descriptions from vendor"")'",Electronics part,Cables
ZFJ86YR-85B6-726-74NT4-7D4,0,102,102,0,£0.00,F-13-3,0,"P222-34:659-A011 kÂ£OD1'(""Product descriptions from vendor"")'",Electronics part,Cables
YTV35AA-27E4-239-70PV1-0K5,0,21,21,400,£0.47,B-13-1,197.87,"Y222-74:601-SK6T qÂ£VJ0'(""Product descriptions from vendor"")'",PCB Component,Capacitor
UBE04XV-78C7-224-03WK3-0L5,0,100,100,9900,£0.01,B-13-2,50,"A222-37:311-9LOW sÂ£51O'(""Product descriptions from vendor"")'",PCB Component,Capacitor
KWY93TF-65K1-334-76EE4-7X2,0,1600,1600,0,£0.01,B-13-1,17.6,"J222-80:483-3T2E 8Â£7RN'(""Product descriptions from vendor"")'",PCB Component,Capacitor
SFH20MY-18R6-735-90XO5-8Y2,0,32,32,9800,£0.01,B-13-2,54.076,"C222-30:567-VQEV mÂ£2L5'(""Product descriptions from vendor"")'",PCB Component,Capacitor
JBJ64IO-78A8-908-91CY4-6S1,0,0,0,3707,£0.05,B-13-2,170.522,"K222-04:101-L315 gÂ£ED9'(""Product descriptions from vendor"")'",PCB Component,Capacitor
GBL45VK-24C8-195-21PM6-2A1,0,891,891,0,£0.01,B-13-2,5.1678,"F222-33:363-1HLG 9Â£KOK'(""Product descriptions from vendor"")'",PCB Component,Capacitor
KIV53HR-90G2-864-16SF4-1M4,0,262,262,1257,£0.01,B-13-1,18.228,"W222-40:941-ALGQ xÂ£EF3'(""Product descriptions from vendor"")'",PCB Component,Capacitor
MDD83SD-46Y0-918-76IR5-8E8,0,9000,9000,0,£0.00,B-13-2,36,"O222-92:254-P3RT 4Â£61M'(""Product descriptions from vendor"")'",PCB Component,Capacitor
UIP07DO-36T3-948-43DE1-5P1,0,9990,9990,0,£0.00,B-13-2,29.97,"A222-57:218-NVXH bÂ£R6G'(""Product descriptions from vendor"")'",PCB Component,Capacitor
YLW48JZ-28M1-755-71TV5-8S7,0,261,261,0,£0.02,B-13-2,3.915,"B222-16:583-P2CK hÂ£ZYS'(""Product descriptions from vendor"")'",PCB Component,Capacitor
HHW90YB-63J3-529-70XT8-9M9,0,500,500,1000,£0.01,B-13-2,12,"V222-88:403-EG64 7Â£J1J'(""Product descriptions from vendor"")'",PCB Component,Capacitor
YPW07OW-06H1-425-89MB6-3F7,0,128,128,413,£0.03,B-13-1,15.148,"Z222-93:370-TFCF 0Â£6XK'(""Product descriptions from vendor"")'",PCB Component,Capacitor
PJO66AJ-42X5-705-81VL1-2W1,0,1900,1900,0,£0.01,B-13-2,9.5,"E222-26:958-G24J jÂ£62U'(""Product descriptions from vendor"")'",PCB Component,Capacitor
ZRA43SI-27R7-449-72PL8-5Q4,0,997,997,0,£0.07,B-13-2,71.784,"C222-59:872-H4AT qÂ£1RJ'(""Product descriptions from vendor"")'",PCB Component,Capacitor
DXS22OW-75C2-212-51GI1-0E8,0,-95,-95,900,£0.02,B-13-2,12.88,"W222-26:085-TWTO 4Â£40S'(""Product descriptions from vendor"")'",PCB Component,Capacitor
XLU26DI-36W3-260-00FX5-1M1,0,160,160,440,£0.05,B-13-1,31.2,"L222-80:920-VRBX 8Â£3JD'(""Product descriptions from vendor"")'",PCB Component,Capacitor
FJX71LZ-81V4-240-14HM1-4X3,0,958,958,0,£0.01,B-13-2,5.3648,"G222-92:875-T317 cÂ£B72'(""Product descriptions from vendor"")'",PCB Component,Capacitor
BPP32GX-17S6-831-55HA7-4P8,0,54,54,1000,£0.06,B-13-1,67.456,"W222-20:939-GSJT 9Â£0X1'(""Product descriptions from vendor"")'",PCB Component,Capacitor
ZWI74YF-20E9-168-03IV6-3D0,0,49,49,396,£0.07,B-13-1,28.925,"N222-31:579-6NNH 2Â£RS4'(""Product descriptions from vendor"")'",PCB Component,Capacitor
YZQ49JL-48L6-957-74YF7-1K7,0,500,500,0,£0.00,B-13-2,2,"X222-00:736-KZCZ 9Â£0EA'(""Product descriptions from vendor"")'",PCB Component,Capacitor
PVR57XS-07S0-702-53VI5-3J6,0,10000,10000,0,£0.01,B-13-2,130,"C222-38:125-TNA9 9Â£DN7'(""Product descriptions from vendor"")'",PCB Component,Capacitor
CLH17UZ-64Z4-442-76AC3-5A1,0,0,0,449,£0.50,B-13-1,223.602,"V222-59:768-1RQM 1Â£HQR'(""Product descriptions from vendor"")'",PCB Component,Capacitor
GLO41OS-30R8-866-66MH8-2I9,0,1000,1000,0,£0.01,B-13-2,9,"M222-22:519-15B1 lÂ£V1P'(""Product descriptions from vendor"")'",PCB Component,Capacitor
EDA36KZ-99P5-469-03IB0-2M0,0,47,47,0,£0.01,B-13-1,0.517,"M222-28:557-4LLG bÂ£FXH'(""Product descriptions from vendor"")'",PCB Component,Capacitor
IUW07WB-94S1-748-24HU7-9B8,0,935,935,0,£0.01,B-13-2,6.545,"O222-25:526-RE6L dÂ£9JV'(""Product descriptions from vendor"")'",PCB Component,Capacitor
JZS74SK-48D8-409-82LL4-0Q3,0,1471,1471,0,£1.83,K-11,2691.93,"N222-79:605-GYRE dÂ£1A3'(""Product descriptions from vendor"")'",Mechanical part,Enclosure
OEG75MS-90G3-615-25NN9-1O0,0,114,114,0,£4.68,I-21&23,533.52,"P222-42:270-75IL 5Â£FUL'(""Product descriptions from vendor"")'",Mechanical part,Enclosure
GBU30DI-17O9-654-32LX4-3T7,0,7,7,0,£18.52,I- 23,129.605,"H222-40:036-97U0 kÂ£WBO'(""Product descriptions from vendor"")'",Assembly,Mechanical
HLP84BN-70P6-672-64NX6-7Y8,0,2187,2187,0,£3.09,J-11,6757.83,"L222-99:833-SDET kÂ£1P1'(""Product descriptions from vendor"")'",Mechanical part,Enclosure
ZBA60CX-35Z2-173-54BS2-5F0,0,41,41,0,£7.34,H-21&23,300.94,"P222-05:453-W72X kÂ£NEB'(""Product descriptions from vendor"")'",Mechanical part,Enclosure
SBC17AI-34L2-703-28LE2-9P7,0,35,35,0,£1.13,H-11&12,39.375,"D222-69:958-WF5R kÂ£HQX'(""Product descriptions from vendor"")'",Mechanical part,Enclosure
BSJ76IY-34I1-423-95IV4-4M2,0,13,13,0,£23.46,I-11&12,304.98,"L222-58:482-HTRO gÂ£G7T'(""Product descriptions from vendor"")'",Mechanical part,Mounting Kit
MNB99TW-21N7-070-44SH0-8E7,0,1756,1756,0,£0.95,I-11&12,1668.2,"S222-87:298-WFRO xÂ£KQJ'(""Product descriptions from vendor"")'",Mechanical part,Mounting Kit
NWB68VK-49C2-510-11DR6-5I4,0,80,80,0,£1.55,I-12-2,124,"P222-16:954-YWSR nÂ£XUI'(""Product descriptions from vendor"")'",Assembly,Mechanical
YWD34UL-44P8-283-27ZN8-1W7,0,9,9,0,£6.37,H-13-1,57.33,"P222-07:963-7HL1 iÂ£47D'(""Product descriptions from vendor"")'",Mechanical part,Mounting Kit
KFJ37GX-18M3-277-77HB8-3Y4,0,5,5,0,£0.88,H-13-1,4.4,"N222-37:340-Y8AM 9Â£1RI'(""Product descriptions from vendor"")'",Mechanical part,Mounting Kit
ZTE23YD-76N7-808-30YL2-4M8,0,0,0,0,£0.62,I-13-1,0,"F222-14:149-S95W wÂ£IMN'(""Product descriptions from vendor"")'",Mechanical part,Mounting Kit
ENH54HD-79E5-817-86WQ6-3O3,0,40,40,0,£0.85,I-13-1,34,"X222-23:399-8AWS 5Â£YRN'(""Product descriptions from vendor"")'",Mechanical part,Mounting Kit
OUC53OS-16M2-511-00OU0-0F4,0,0,0,0,£0.62,I-13-1,0,"D222-74:502-GWG9 uÂ£5AU'(""Product descriptions from vendor"")'",Mechanical part,Mounting Kit
YFR81LX-39W6-519-96JY1-9G7,0,43,43,0,£0.88,I-13-1,37.84,"F222-88:833-VAO5 9Â£P83'(""Product descriptions from vendor"")'",Mechanical part,Mounting Kit
GML12CO-87F0-976-70PG1-9V4,0,0,0,0,£0.50,I-12-1,0,"L222-21:503-XD10 tÂ£8LU'(""Product descriptions from vendor"")'",Mechanical part,Hardware
FOR01GR-68I8-291-20VO9-6G2,0,203,203,0,£0.30,I-12-1,60.9,"L222-45:185-HR07 5Â£OOM'(""Product descriptions from vendor"")'",Mechanical part,Hardware
TSE53TY-63J4-900-39XQ6-5S1,0,16,16,0,£1.26,H-13-2,20.16,"J222-90:793-WRBU 9Â£59B'(""Product descriptions from vendor"")'",Mechanical part,Hardware
GIE27SH-91Y7-903-12QO6-9E3,0,18,18,0,£1.26,H-13-2,22.68,"L222-28:240-CB6R xÂ£B64'(""Product descriptions from vendor"")'",Mechanical part,Hardware
UXL10IB-10G6-491-41EL5-3Z3,0,507,507,0,£0.37,B-23-1,185.055,"Q222-11:100-ZR4R yÂ£G0T'(""Product descriptions from vendor"")'",PCB Component,Oscillator
BSW73QX-44F3-820-94KK4-7C2,0,26,26,357,£0.18,B-13-4,67.025,"T222-59:687-JE59 mÂ£VHV'(""Product descriptions from vendor"")'",PCB Component,Capacitor
MZH77LJ-38G6-044-34WF9-8G3,0,25,25,0,£0.23,B-13-3,5.65,"O222-70:046-11SE eÂ£2HO'(""Product descriptions from vendor"")'",PCB Component,Capacitor
QGC73HF-02M8-096-16XU6-6P8,0,1980,1980,0,£0.23,B-13-4,455.4,"P222-33:235-XRFF 3Â£563'(""Product descriptions from vendor"")'",PCB Component,Capacitor
UDC38GA-10I3-681-74RW7-5G9,0,400,400,600,£0.32,B-13-3,316,"B222-48:290-6NZJ dÂ£JSG'(""Product descriptions from vendor"")'",PCB Component,Capacitor
HAT37HQ-44I4-558-23YK4-3W3,0,-2957,-2957,3157,£0.41,B-13-3,82.6,"L222-63:532-H9GX uÂ£0FY'(""Product descriptions from vendor"")'",PCB Component,Capacitor
ICU04BW-92Y2-937-82ER8-6W0,0,4069,4069,0,£0.10,B-13-3,394.693,"X222-40:382-K5VN wÂ£MG5'(""Product descriptions from vendor"")'",PCB Component,Capacitor
ZYN63BG-22C9-082-95HK4-3G9,0,100,100,0,£0.09,B-13-3,9.3,"U222-28:314-FLLB yÂ£6W3'(""Product descriptions from vendor"")'",PCB Component,Capacitor
YGL78UF-21C6-543-89AK5-4G1,0,267,267,1900,£0.08,B-13-3,177.694,"K222-72:285-0V5Z dÂ£8OB'(""Product descriptions from vendor"")'",PCB Component,Capacitor
XBX35KO-30Q9-992-45CR4-7N0,0,10,10,0,£0.47,B-13-3,4.74,"Y222-28:197-JLWF 7Â£WA1'(""Product descriptions from vendor"")'",PCB Component,Capacitor
QCW45DE-27G2-122-61BF7-6B1,0,25,25,352,£0.27,B-13-3,102.544,"U222-65:950-UBOP 3Â£Y90'(""Product descriptions from vendor"")'",PCB Component,Capacitor
ZRL59NS-28X6-179-03OL3-4E9,0,1650,1650,1500,£0.48,B-13-3,1524.6,"S222-77:503-BDT0 wÂ£9YG'(""Product descriptions from vendor"")'",PCB Component,Capacitor
LUJ68HD-62P5-666-52BQ3-2U6,0,100,100,0,£0.29,B-13-4,29.3,"F222-68:430-UZS6 pÂ£SSI'(""Product descriptions from vendor"")'",PCB Component,Capacitor
LUI22NV-83A9-357-22CS3-6Y4,0,-299,-299,400,£0.70,B-13-3,70.296,"A222-59:512-QS6G dÂ£JHT'(""Product descriptions from vendor"")'",PCB Component,Capacitor
ZPX21IT-05T8-948-00YL5-0B4,0,50,50,0,£0.28,B-13-3,13.75,"Y222-48:445-FQAD zÂ£WWC'(""Product descriptions from vendor"")'",PCB Component,Capacitor
MZR67XX-71E0-187-18TR0-3E8,0,67,67,0,£1.53,H-22-5,102.51,"Y222-29:771-OTN3 rÂ£DNN'(""Product descriptions from vendor"")'",Mechanical part,Hardware
GGP72LF-61Y1-329-95GQ1-6J6,0,951,951,500,£0.36,B-23-1,525.262,"M222-36:722-QGD6 gÂ£DAV'(""Product descriptions from vendor"")'",PCB Component,Oscillator
SIO88MR-03D7-913-26UP2-8E5,0,-8,-13,0,£30.01,,-240.0944,"I222-16:063-105R xÂ£4OL'(""Product descriptions from vendor"")'",Assembly,PCB Assembly
ZUV93IB-18G3-267-48JZ3-6V0,0,98,98,0,£0.04,C-13-1,3.626,"E222-88:125-VGMA dÂ£EKI'(""Product descriptions from vendor"")'",PCB Component,Diode
ICP53TO-25P4-549-18GR9-9X9,0,6,6,0,£23.95,D-12-2,143.7,"G222-57:402-BSYI tÂ£DBW'(""Product descriptions from vendor"")'",PCB Component,IC's
WZZ98TZ-88I2-807-95GT2-0L2,0,1,1,0,£3.88,C-11-1,3.88,"E222-21:397-8AZ2 cÂ£AD2'(""Product descriptions from vendor"")'",PCB Component,Various
HUC80QW-55F6-450-78LI4-6T4,0,20,20,0,£0.28,B-23-2,5.6,"G222-97:859-PVQ2 sÂ£OL1'(""Product descriptions from vendor"")'",PCB Component,Transistor
LBN66VY-19N5-972-70MV4-6M2,60,70,127,0,£87.38,E-24-1,6116.74,"E222-41:132-GCY0 oÂ£L23'(""Product descriptions from vendor"")'",Assembly,PCB Assembly
ZNA94MR-68Q4-327-58YW0-9C8,0,51,-15,0,£42.93,,2189.2923,"T222-58:153-C78O iÂ£5BV'(""Product descriptions from vendor"")'",Assembly,PCB Assembly
LCN23OM-00Q3-348-56GI6-7A0,0,24,24,0,£2.42,D-12-2,58.044,"B222-42:489-G14L wÂ£SNO'(""Product descriptions from vendor"")'",PCB Component,IC's
SRU36TK-98M0-542-96EJ7-9D6,0,22,22,0,£4.33,D-12-2,95.26,"L222-86:122-B4P5 oÂ£R6A'(""Product descriptions from vendor"")'",PCB Component,IC's
IIN31EC-62Z8-761-40LL4-1N4,0,200,200,434,£1.34,D-22-1,849.56,"F222-33:931-HINK sÂ£ZRT'(""Product descriptions from vendor"")'",PCB Component,IC's
LUI13FU-07B4-608-60XW7-4N3,0,2299,2299,0,£0.96,B-11-2,2213.937,"O222-19:417-7LPA pÂ£QRT'(""Product descriptions from vendor"")'",PCB Component,Inductor
BPP49TF-96C6-890-40LN0-0J7,0,511,511,1389,£0.14,B-11-2,267.9,"O222-91:977-F4QK 1Â£3XQ'(""Product descriptions from vendor"")'",PCB Component,Inductor
MYW97LC-78S5-931-17XZ2-2E7,0,103,103,1100,£0.66,B-11-1,792.777,"I222-95:340-1UKP fÂ£6VP'(""Product descriptions from vendor"")'",PCB Component,Inductor
CZS88HD-96B6-788-91PI6-2Q7,0,124,124,0,£0.02,B-11-1,2.604,"H222-74:602-JYOS bÂ£LXM'(""Product descriptions from vendor"")'",PCB Component,Inductor
RNQ36ZS-04F9-076-55ZS4-9U6,0,173,173,0,£1.57,B-11-2,271.61,"V222-30:330-5N51 vÂ£F0C'(""Product descriptions from vendor"")'",PCB Component,Inductor
YVC90TX-05M9-769-79NI4-8I8,0,101,101,0,£0.04,B-11-1,3.535,"W222-31:066-Y8O2 nÂ£I7J'(""Product descriptions from vendor"")'",PCB Component,Inductor
HUK28FH-95U7-875-33YB3-9Q1,0,1910,1910,0,£0.12,B-11-2,236.84,"G222-73:125-939O tÂ£L6R'(""Product descriptions from vendor"")'",PCB Component,Inductor
PPX57QB-33Z3-099-12TG2-2J7,0,2976,2976,0,£0.07,B-11-2,193.44,"O222-23:051-K2YR sÂ£8QN'(""Product descriptions from vendor"")'",PCB Component,Inductor
MBE52ML-76C5-055-77XN1-6B5,0,910,910,0,£0.08,B-11-1,73.71,"G222-30:221-1VD0 bÂ£77R'(""Product descriptions from vendor"")'",PCB Component,Inductor
ZMH46IP-23U9-300-45AW7-9Y6,0,19,19,150,£0.57,B-11-1,95.485,"D222-16:664-1LK3 gÂ£7ED'(""Product descriptions from vendor"")'",PCB Component,Inductor
SDC42EP-52E4-807-22GO9-1D8,0,1750,1750,150,£0.07,B-11-2,134.9,"D222-39:215-WICG gÂ£N1U'(""Product descriptions from vendor"")'",PCB Component,Inductor
RYV32AG-82S5-452-41BC5-4L8,0,2950,2950,0,£0.14,B-11-2,398.25,"C222-79:399-FRPR qÂ£UOS'(""Product descriptions from vendor"")'",PCB Component,Inductor
HCH06OT-47U0-651-01RH5-7X2,0,228,228,0,£0.91,B-11-2,207.936,"Z222-89:092-UEZ8 lÂ£FYL'(""Product descriptions from vendor"")'",PCB Component,Inductor
JJX97NI-85G8-380-57VU2-2D6,0,54,54,0,£0.36,C-13-2,19.44,"Z222-54:533-TQCS 6Â£J3G'(""Product descriptions from vendor"")'",PCB Component,Diode
EVQ68HR-74K7-049-58MV2-2E4,0,239,239,800,£0.03,B-11-1,34.287,"M222-99:644-99V5 yÂ£MQQ'(""Product descriptions from vendor"")'",PCB Component,Inductor
PKN85GQ-63G8-714-59JV9-0N6,0,97,97,2,£0.00,D-12-2,0,"J222-55:167-VLPG 2Â£US3'(""Product descriptions from vendor"")'",PCB Component,IC's
XEJ97NF-66U5-546-34YZ2-3Z4,0,25,24,0,£215.28,,5382.025,"V222-09:579-6ZW3 mÂ£4FB'(""Product descriptions from vendor"")'",Assembly,PCB Assembly
SOJ50UP-56X5-701-10BJ9-6X6,0,6,2,0,£273.17,,1639.014,"H222-25:307-DEJ3 6Â£RWV'(""Product descriptions from vendor"")'",Assembly,PCB Assembly
GNJ88NO-51K7-835-17NF1-1V8,0,3,3,0,£294.40,,883.188,"W222-69:943-UL60 fÂ£Y3C'(""Product descriptions from vendor"")'",Assembly,PCB Assembly
JLJ83TY-60P0-239-38VA1-8S8,0,2,2,0,£0.00,,0,"G222-00:670-GJWV qÂ£STU'(""Product descriptions from vendor"")'",Assembly,PCB Assembly
LNE44QR-52X2-714-06RK9-5K2,0,17,13,0,£518.27,,8810.6087,"H222-17:951-BR40 3Â£Q34'(""Product descriptions from vendor"")'",Assembly,PCB Assembly
CFN87RB-01Q0-847-98QT7-3L7,0,3,3,0,£95.82,D-13-4,287.46,"H222-38:694-8FDF 6Â£45W'(""Product descriptions from vendor"")'",PCB Component,IC's
JIN17RZ-87P0-939-28IO2-9F6,0,119,119,0,£20.30,D-13-1,2415.7,"I222-71:335-MLAR 4Â£ECU'(""Product descriptions from vendor"")'",PCB Component,IC's
TDJ03PR-54J2-958-23KI6-1Y8,0,288,288,0,£15.69,D-13-1,4518.72,"R222-96:247-GECN 2Â£2BU'(""Product descriptions from vendor"")'",PCB Component,IC's
RMC64KI-84P5-953-70MF8-9M7,0,109,109,0,£39.32,D-13-2,4285.88,"X222-03:260-T1UH 8Â£4YS'(""Product descriptions from vendor"")'",PCB Component,IC's
WHU05PL-04P9-325-62DQ4-3X4,0,5,5,0,£33.88,D-13-2,169.4,"J222-41:678-OTVG fÂ£T5K'(""Product descriptions from vendor"")'",PCB Component,IC's
QWY19LH-41Q8-459-34EF9-2H5,0,0,0,58,£64.81,D-13-3,3758.98,"U222-25:272-NQJY qÂ£EVR'(""Product descriptions from vendor"")'",PCB Component,IC's
TLD99JZ-31W6-623-79JF6-0V8,0,60,60,0,£77.77,D-13-3,4666.2,"W222-57:911-O7GZ 8Â£5CB'(""Product descriptions from vendor"")'",PCB Component,IC's
RDP86BC-68R7-081-34VM3-8D4,0,105,105,55,£94.34,D-13-4,15094.4,"N222-61:850-6F1R cÂ£RH6'(""Product descriptions from vendor"")'",PCB Component,IC's
CKA49PX-92W7-398-20FH2-7O6,0,89,89,0,£234.79,D-12-1,20896.31,"Y222-45:361-DKAR lÂ£AKN'(""Product descriptions from vendor"")'",PCB Component,IC's
NOV98TO-97S5-725-71DE4-1Q5,0,8,8,0,£276.73,D-12-1,2213.84,"Q222-46:236-60JZ xÂ£QDI'(""Product descriptions from vendor"")'",PCB Component,IC's
ROX06QO-00J6-222-30GN4-3K9,0,6,6,150,£4.22,D-12-2,658.32,"O222-36:398-66TE xÂ£1I1'(""Product descriptions from vendor"")'",PCB Component,IC's
OMU35JX-24L9-327-64QC1-8Q5,0,198,198,2100,£1.27,D-22-2,2918.46,"F222-98:920-9N76 wÂ£8RU'(""Product descriptions from vendor"")'",PCB Component,IC's
JKJ60CT-51K7-801-41FG2-1L5,0,100,100,0,£22.29,D-12-2,2229,"M222-70:858-7IDO rÂ£T5Q'(""Product descriptions from vendor"")'",PCB Component,IC's
YXW22WQ-86I6-973-74FX2-7L2,0,119,119,0,£0.16,C-14-1,18.683,"O222-72:997-41RD wÂ£HJX'(""Product descriptions from vendor"")'",PCB Component,Various
JTJ74JO-15W8-393-85NE9-3T3,0,2,2,100,£4.94,D-12-3,503.88,"W222-21:275-B3UB 5Â£1PQ'(""Product descriptions from vendor"")'",PCB Component,IC's
HBE83AA-80J0-988-34VZ9-0M4,0,0,0,3,£23.09,,69.27,"P222-41:785-Q6L2 3Â£Y7G'(""Product descriptions from vendor"")'",PCB Component,IC's
QZB92YJ-70X9-062-87ZV6-8S3,0,50,50,900,£0.20,D-22-2,187.15,"H222-79:341-AB2P wÂ£O7G'(""Product descriptions from vendor"")'",PCB Component,IC's
XPD80HJ-21Z2-214-78PG0-9Z5,0,1400,1400,0,£0.23,G-13-1,322,"A222-40:676-NI40 aÂ£0S6'(""Product descriptions from vendor"")'",Mechanical part,Fasteners
LTP31ZW-21C5-868-99DQ0-8W1,0,584,584,0,£0.53,G-13-1,309.52,"J222-78:138-11SM vÂ£MLW'(""Product descriptions from vendor"")'",Mechanical part,Fasteners
DBA38DH-47N2-579-14CR7-6Y5,0,84,84,0,£19.68,D-11-1,1653.12,"G222-97:707-NGB6 9Â£7VF'(""Product descriptions from vendor"")'",PCB Component,IC's
MTS82WA-45J4-484-32TX8-6B0,0,11,11,0,£1.10,G-23-1,12.1,"Q222-79:922-JQ5W fÂ£HL1'(""Product descriptions from vendor"")'",Mechanical part,Labels
VKR18UL-22M4-867-19UT5-3S3,0,40,40,0,£0.98,I-24-3,39.2,"C222-09:232-9WL0 hÂ£5GA'(""Product descriptions from vendor"")'",Mechanical part,Labels
VOK33BM-88H8-527-62BL4-7L3,0,34,34,0,£1.10,I-24-3,37.4,"Y222-82:170-FN1R 3Â£S8I'(""Product descriptions from vendor"")'",Mechanical part,Labels
XIX61BZ-37X2-705-45CW5-5K5,0,33,33,0,£1.10,G-23-1,36.3,"Q222-65:751-R020 2Â£3ZT'(""Product descriptions from vendor"")'",Mechanical part,Labels
YPD73WD-79S6-230-81RI5-0M4,0,48,48,0,£0.98,I-24-3,47.04,"Z222-11:076-BAEX uÂ£AUU'(""Product descriptions from vendor"")'",Mechanical part,Labels
YNF32HH-76W1-379-27XI9-9I8,0,45,45,0,£0.98,I-24-3,44.1,"M222-37:090-23UE 2Â£HG5'(""Product descriptions from vendor"")'",Mechanical part,Labels
DTQ90LN-96W4-036-71YO6-2H3,0,42,42,0,£0.98,I-24-3,41.16,"H222-09:766-SLR2 3Â£ZUQ'(""Product descriptions from vendor"")'",Mechanical part,Labels
NIE00XS-97V1-711-58PY7-6K7,0,52,52,0,£0.12,I-22-5,6.4272,"U222-10:434-ZGZY zÂ£Z3M'(""Product descriptions from vendor"")'",Mechanical part,Hardware
UQA29CR-70P1-208-53LK1-2W6,0,500,500,0,£0.73,D-11-2,366,"C222-02:939-6PM5 1Â£H0W'(""Product descriptions from vendor"")'",PCB Component,IC's
XMG20II-88S0-822-74IN8-1L0,0,12,12,0,£3.38,G-23-1,40.56,"K222-70:723-LM3S 8Â£QDZ'(""Product descriptions from vendor"")'",Mechanical part,Enclosure
STB89CJ-03E8-717-76TZ8-8C5,0,19,19,0,£5.38,G-23-1,102.22,"X222-94:068-I4IF qÂ£MMC'(""Product descriptions from vendor"")'",Mechanical part,Enclosure
QOU34FN-07L9-876-90PK0-0V0,0,29,29,0,£3.78,G-23-1,109.62,"Q222-45:882-J7E2 iÂ£51C'(""Product descriptions from vendor"")'",Mechanical part,Enclosure
XHN26LG-98D1-622-18VA7-3B4,0,52,52,0,£2.38,I-22-1,123.76,"I222-59:775-2M22 nÂ£QQE'(""Product descriptions from vendor"")'",Mechanical part,Enclosure
XGL02YR-18W4-478-95BR5-9G8,0,7,7,0,£4.78,I-22-2,33.46,"N222-70:485-CIJ9 aÂ£032'(""Product descriptions from vendor"")'",Mechanical part,Enclosure
KYI31IO-33G1-502-48KQ9-3G9,0,38,38,0,£1.13,H-11&12,42.75,"R222-27:232-0IAX hÂ£39K'(""Product descriptions from vendor"")'",Mechanical part,Enclosure
YIX12MM-08M2-594-00FB3-1A1,0,106,106,0,£0.90,I-22-3,95.4,"K222-78:628-DKTS yÂ£MGK'(""Product descriptions from vendor"")'",Mechanical part,Enclosure
DNU31GC-41C3-079-30JD9-6O3,0,49,49,0,£3.40,I-22-4,166.6,"C222-63:119-LNZQ lÂ£KHO'(""Product descriptions from vendor"")'",Mechanical part,Enclosure
ARA26XX-54J2-100-48BE3-5T9,0,130,130,0,£1.21,H-22-3,157.3,"V222-79:967-YSXJ mÂ£IOB'(""Product descriptions from vendor"")'",Mechanical part,Enclosure
ANR75HM-76F9-709-79XQ3-4L7,0,48,48,0,£4.21,H-22-4,202.08,"X222-96:378-9J83 iÂ£QF2'(""Product descriptions from vendor"")'",Mechanical part,Enclosure
XNF41TE-45W3-287-81PO1-1C0,0,0,0,0,£2.97,G-23-1,0,"Q222-94:706-35LY bÂ£R7X'(""Product descriptions from vendor"")'",Mechanical part,Enclosure
QEY36MS-55Z1-491-68BC3-9D0,0,27,27,0,£2.97,G-23-1,80.19,"X222-56:499-SVJ1 0Â£8AF'(""Product descriptions from vendor"")'",Mechanical part,Enclosure
GTE98IT-17H6-424-63SJ5-5A3,0,60,60,0,£2.61,I-24-2,156.6,"O222-59:486-8G64 3Â£FHI'(""Product descriptions from vendor"")'",Mechanical part,Enclosure
JJN15TD-75T3-341-69WL7-8N8,0,10,10,0,£4.00,G-23-1,40,"U222-68:546-YBTM qÂ£1VM'(""Product descriptions from vendor"")'",Mechanical part,Enclosure
STF57PJ-81V3-856-38IL9-3P1,0,831,831,0,£0.85,I-24-1,706.35,"W222-02:172-8JPH 6Â£JEM'(""Product descriptions from vendor"")'",Mechanical part,Enclosure
CUM86SN-56R9-597-96EQ1-9O9,0,958,958,0,£0.72,H-24-1,689.76,"I222-78:471-H41Z rÂ£3YR'(""Product descriptions from vendor"")'",Mechanical part,Enclosure
XBG87JG-34R1-679-71PA2-0I9,0,27,27,0,£8.41,E-13-2,227.07,"K222-25:280-08YB 3Â£KVJ'(""Product descriptions from vendor"")'",PCB Component,IC's
THQ20MD-48F4-750-22FQ4-7Y9,0,-52,-112,0,£20.79,C-22-2,-1081.08,"O222-34:706-C9S6 xÂ£II9'(""Product descriptions from vendor"")'",PCB Component,Connector
RBR28EO-90E9-669-79WG0-9I8,0,39,38,0,£18.71,F-13-1,729.69,"W222-02:410-WDTG 9Â£GDB'(""Product descriptions from vendor"")'",Electronics part,Cables
RUQ93PZ-62H2-861-29KF6-2M0,0,49,49,250,£3.87,B-23-1,1157.13,"I222-93:566-VQ04 gÂ£LZZ'(""Product descriptions from vendor"")'",PCB Component,Oscillator
VAJ91RX-82S1-197-65CC1-5B6,0,800,800,2000,£0.01,B-12-1,14,"W222-46:587-BBY8 4Â£L8D'(""Product descriptions from vendor"")'",PCB Component,Resistor
MOD68NX-29E9-011-97JY7-1Y6,0,19780,19780,2500,£0.00,B-12-1,44.56,"E222-21:710-V3TW hÂ£LCB'(""Product descriptions from vendor"")'",PCB Component,Resistor
EJU13VD-77K3-089-34JL9-0X5,0,0,0,4814,£0.01,B-12-1,24.07,"J222-83:725-0W5U 2Â£L8T'(""Product descriptions from vendor"")'",PCB Component,Resistor
IRW42WF-82C7-552-66CO6-1B4,0,0,0,250,£0.12,B-12-4,30,"L222-55:448-9912 eÂ£T7W'(""Product descriptions from vendor"")'",PCB Component,Resistor
QGD28CQ-08F5-593-86ZT0-8Q5,0,0,0,900,£0.03,B-12-4,24.3,"A222-91:156-WZOO 0Â£3ZT'(""Product descriptions from vendor"")'",PCB Component,Resistor
HGH54NS-73P9-264-53LY5-8H0,0,300,300,2200,£0.01,B-12-3,12.5,"Z222-61:935-MM0X 5Â£MTM'(""Product descriptions from vendor"")'",PCB Component,Resistor
PHH47AC-78P2-208-56CI0-5K2,0,100,100,9900,£0.00,B-12-1,41,"K222-51:153-RI3B 4Â£B6B'(""Product descriptions from vendor"")'",PCB Component,Resistor
ULE93EH-11K7-808-96CU7-1T2,0,23216,23216,5000,£0.00,B-12-1,110.0424,"J222-53:356-2RIH jÂ£AC8'(""Product descriptions from vendor"")'",PCB Component,Resistor
ZRR59UX-78D7-309-98IC5-5N3,0,0,0,1000,£0.02,B-12-1,22,"E222-20:147-WKOC cÂ£QOA'(""Product descriptions from vendor"")'",PCB Component,Resistor
JGP91TC-65T0-150-71ZU4-6S9,0,5000,5000,0,£0.02,B-12-4,85,"F222-03:125-8PNG 6Â£HC2'(""Product descriptions from vendor"")'",PCB Component,Resistor
PAW22RL-17U5-597-59JP7-4A6,0,150,150,10000,£0.00,B-12-2,39.585,"M222-04:881-A4E0 6Â£K7Z'(""Product descriptions from vendor"")'",PCB Component,Resistor
ZUU21XL-22N8-145-32XG5-8R7,0,198,198,0,£0.01,B-12-2,1.188,"M222-47:714-FEZ2 6Â£9AK'(""Product descriptions from vendor"")'",PCB Component,Resistor
IUF53TL-98K5-266-55TQ6-5P8,0,10000,10000,10000,£0.01,B-12-3,100,"E222-28:480-7ZZP pÂ£4TJ'(""Product descriptions from vendor"")'",PCB Component,Resistor
XZZ17ZP-52U7-796-24XE0-1K3,0,0,0,9800,£0.00,B-12-2,39.2,"D222-10:146-SHO3 qÂ£5JV'(""Product descriptions from vendor"")'",PCB Component,Resistor
RSX17RC-72S9-821-28JR4-8B4,0,-6,-6,8856,£0.00,B-12-1,36.285,"I222-37:698-3IZL oÂ£GP7'(""Product descriptions from vendor"")'",PCB Component,Resistor
WYN09XQ-53L9-904-14JD2-1W5,0,10000,10000,9000,£0.00,B-12-1,77.9,"T222-33:480-XSJ7 hÂ£RJ6'(""Product descriptions from vendor"")'",PCB Component,Resistor
RTD91OT-17K7-256-30VY4-1M9,0,150,150,0,£0.00,B-12-1,0.6,"E222-00:176-6JFQ 6Â£GVL'(""Product descriptions from vendor"")'",PCB Component,Resistor
ZPQ86YX-64U3-899-78ZG3-8N8,0,10000,10000,0,£0.01,B-12-1,50,"U222-51:855-LYM0 tÂ£ZYD'(""Product descriptions from vendor"")'",PCB Component,Resistor
XKO30OM-38V9-249-75HS6-7H5,0,272,272,600,£0.00,R-12-3,3.5752,"J222-78:908-WTYL 1Â£30T'(""Product descriptions from vendor"")'",PCB Component,Resistor
HNQ18TB-78R4-976-90KE2-2B6,0,2000,2000,6000,£0.00,B-12-1,24,"V222-56:189-447P aÂ£YLF'(""Product descriptions from vendor"")'",PCB Component,Resistor
XUM84XW-48W8-073-72BM6-6J0,0,200,200,800,£0.00,B-12-3,3,"I222-08:324-0HE7 zÂ£SZY'(""Product descriptions from vendor"")'",PCB Component,Resistor
LKH41ZE-13M8-005-20NV4-3A1,0,0,0,1000,£0.00,B-12-1,3.9,"R222-40:597-QMVW qÂ£RB2'(""Product descriptions from vendor"")'",PCB Component,Resistor
GHC59QD-92Q9-085-56PH5-4R1,0,1000,1000,0,£0.00,B-12-1,2,"N222-69:804-MURS yÂ£A9Z'(""Product descriptions from vendor"")'",PCB Component,Resistor
SRY78BY-67G6-006-95OM5-4X7,0,0,0,10000,£0.00,B-12-1,41,"A222-16:762-K7I2 oÂ£5I8'(""Product descriptions from vendor"")'",PCB Component,Resistor
YMQ35DE-36A7-615-66LU8-7M8,0,10000,10000,0,£0.00,B-12-1,20,"Y222-70:793-WTBI eÂ£ZN3'(""Product descriptions from vendor"")'",PCB Component,Resistor
IFG90ZS-61E2-470-31VV6-5Z6,0,0,0,9900,£0.01,B-12-1,59.4,"T222-47:600-XDOS 4Â£HBS'(""Product descriptions from vendor"")'",PCB Component,Resistor
JFK49FV-05M3-730-90CN4-1W2,0,250,250,0,£0.00,B-12-3,0.75,"Q222-96:007-C2J5 1Â£Z2Q'(""Product descriptions from vendor"")'",PCB Component,Resistor
XTP01OE-79Z8-845-48NO6-8U7,0,9800,9800,0,£0.00,B-12-1,19.6,"X222-91:981-XHL0 uÂ£DDW'(""Product descriptions from vendor"")'",PCB Component,Resistor
JUD27EA-57K1-174-99OQ8-0S4,0,0,0,10000,£0.00,B-12-2,41,"N222-21:707-S36J pÂ£OGR'(""Product descriptions from vendor"")'",PCB Component,Resistor
LSV40SH-82N5-184-63TQ3-2Y0,0,1098,1098,300,£0.02,B-12-1,23.766,"E222-02:024-RAXW cÂ£41Y'(""Product descriptions from vendor"")'",PCB Component,Resistor
ONM98XM-76E5-636-17MC4-4O4,0,93,93,0,£0.00,B-12-2,0.372,"L222-84:146-LKQJ lÂ£1BI'(""Product descriptions from vendor"")'",PCB Component,Resistor
XVB20BO-97E1-099-48DQ4-4P5,0,0,0,1000,£0.00,B-12-1,4.1,"J222-56:146-90WY dÂ£XO2'(""Product descriptions from vendor"")'",PCB Component,Resistor
LZR92HU-34Z2-790-05CB0-2B3,0,89,89,8500,£0.00,B-12-1,25.767,"J222-39:664-YQOS hÂ£FXY'(""Product descriptions from vendor"")'",PCB Component,Resistor
JMH36JL-91T8-419-91VV2-9J1,0,-8100,-8100,9000,£0.00,B-12-1,3.6,"S222-43:396-POAY rÂ£VPL'(""Product descriptions from vendor"")'",PCB Component,Resistor
TSA88BN-50P7-781-86OV2-0O3,0,0,0,830,£0.01,B-12-3,4.15,"Y222-61:466-11XY 2Â£52W'(""Product descriptions from vendor"")'",PCB Component,Resistor
IIZ18UM-83Y6-217-98LB7-2A4,0,70,70,0,£0.03,B-12-1,2.31,"X222-71:311-1813 iÂ£PP9'(""Product descriptions from vendor"")'",PCB Component,Resistor
QUA46ZJ-03F5-194-96FY7-4V2,0,100,100,800,£0.01,B-12-3,4.5,"V222-07:688-HYKK 9Â£8YC'(""Product descriptions from vendor"")'",PCB Component,Resistor
YAY75NJ-38I3-600-97GI1-7B6,0,100,100,9800,£0.00,B-12-1,29.7,"H222-96:386-ND70 1Â£2WU'(""Product descriptions from vendor"")'",PCB Component,Resistor
LEF63NP-65O2-895-27EV8-1L4,0,0,0,0,£15.02,D-14-3,0,"H222-77:682-HGX1 rÂ£YAC'(""Product descriptions from vendor"")'",PCB Component,Various
GLT95TK-75C2-732-91WG4-4P3,0,133,133,0,£0.00,B-12-2,0.399,"B222-98:164-K5MK 3Â£HVH'(""Product descriptions from vendor"")'",PCB Component,Resistor
SAR11ZV-95V5-956-06SK1-0X9,0,4950,4950,0,£0.00,B-12-1,14.85,"T222-49:647-N9M7 bÂ£9CB'(""Product descriptions from vendor"")'",PCB Component,Resistor
EBJ09XJ-90I4-782-35MG1-9R5,0,-8800,-8800,9000,£0.00,B-12-2,0.78,"Y222-04:086-UVP1 3Â£JY2'(""Product descriptions from vendor"")'",PCB Component,Resistor
XDU80SO-24A3-591-97OA2-6K1,0,9700,9700,0,£0.00,B-12-1,19.4,"Q222-90:960-HGR8 cÂ£J3X'(""Product descriptions from vendor"")'",PCB Component,Resistor
MJR85FJ-12D6-711-57PM1-7E6,0,874,874,0,£0.01,B-12-2,7.866,"I222-21:858-84KX hÂ£HOT'(""Product descriptions from vendor"")'",PCB Component,Resistor
IVE81BP-87G1-253-94KQ2-0S6,0,-100,-100,300,£0.00,B-12-1,0.6,"N222-76:192-JDT0 kÂ£HZ0'(""Product descriptions from vendor"")'",PCB Component,Resistor
RDR81CR-47Q9-466-46FW1-3N6,0,681,681,9000,£0.00,B-12-1,37.7559,"J222-28:773-QZ6G kÂ£QEJ'(""Product descriptions from vendor"")'",PCB Component,Resistor
OWZ86ZJ-38O4-973-40SC5-3D6,0,0,0,10000,£0.01,B-12-1,60,"B222-28:304-GAC3 bÂ£6RQ'(""Product descriptions from vendor"")'",PCB Component,Resistor
VAH44GZ-18M4-720-44VU5-7H5,0,909,909,0,£0.00,B-12-1,2.727,"A222-50:661-5PPN 5Â£7HM'(""Product descriptions from vendor"")'",PCB Component,Resistor
OOA00VJ-43U4-723-01LO8-9M3,0,0,0,138,£0.58,C-23-4,80.454,"A222-08:800-8CDW jÂ£OF2'(""Product descriptions from vendor"")'",PCB Component,Connector
BPW61HX-42Z0-374-41SZ8-9Y4,0,55,55,0,£2.52,E-13-2,138.6,"H222-84:618-PZO0 eÂ£8Z2'(""Product descriptions from vendor"")'",PCB Component,IC's
JCZ59AA-89K8-404-17TJ6-6E2,0,214,214,58,£3.33,E-13-2,905.76,"I222-68:100-HYVA qÂ£A2X'(""Product descriptions from vendor"")'",PCB Component,IC's
XSL61VK-58L7-251-68UU1-6Q9,0,218,218,0,£11.77,D-12-2,2565.86,"B222-15:398-6K87 fÂ£A6M'(""Product descriptions from vendor"")'",PCB Component,IC's
MRT55VN-28P3-641-15CV0-7I8,0,201,201,0,£28.29,D-12-2,5686.29,"W222-97:505-UTMR iÂ£L5K'(""Product descriptions from vendor"")'",PCB Component,IC's
VFD11MC-47K4-826-99ED2-0E8,2000,600,2600,0,£0.01,G-13-3,3.96,"J222-67:153-ATD9 dÂ£5PQ'(""Product descriptions from vendor"")'",Mechanical part,Fasteners
MUN59IM-57W0-455-17UA4-8R3,200,100,300,0,£0.04,G-13-3,3.6,"A222-55:424-T6BN jÂ£G9U'(""Product descriptions from vendor"")'",Mechanical part,Fasteners
YPF21YX-74H0-764-21TI5-5G3,0,1225,1225,0,£0.09,C-13-1,111.475,"E222-72:534-Y1QC iÂ£PM6'(""Product descriptions from vendor"")'",PCB Component,Diode
PIX87XK-80N3-459-63DT1-9L2,0,-200,-200,200,£0.10,C-13-1,0,"O222-51:581-JUYP 8Â£5P8'(""Product descriptions from vendor"")'",PCB Component,Diode
GQA56QO-53W6-958-07OZ8-4T1,0,-388,-628,0,£0.15,B-22-1,-56.648,"E222-85:923-PQEQ aÂ£Y51'(""Product descriptions from vendor"")'",PCB Component,Capacitor
ALB14DI-00N9-497-99YB2-4U4,0,79,79,0,£0.25,F-14-3,19.592,"U222-73:462-KRLR pÂ£TY1'(""Product descriptions from vendor"")'",Electronics part,Cables
APB78UF-19N8-316-05AB0-0V6,0,270,270,0,£0.39,F-14-2,105.03,"W222-50:932-D1TJ sÂ£WFF'(""Product descriptions from vendor"")'",Electronics part,Cables
NKA82FM-48B0-632-64IB1-9L5,0,45,45,0,£0.06,F-12-2,2.88,"Q222-57:839-AMQJ 3Â£LKP'(""Product descriptions from vendor"")'",Electronics part,Cable components
LJK49DP-58Y9-852-84DU6-0L2,0,300,300,0,£0.10,F-12-2,29.1,"F222-24:161-NNXX oÂ£8I9'(""Product descriptions from vendor"")'",Electronics part,Cable components
IBG03XV-02L8-742-91IX9-6Z8,0,59,59,0,£0.10,F-12-2,5.723,"P222-08:938-OYXY 5Â£4K7'(""Product descriptions from vendor"")'",Electronics part,Cable components
KVQ79QZ-71J9-637-79HS1-3J6,0,49,49,0,£0.11,F-12-2,5.586,"Y222-51:065-CA1D 5Â£B4W'(""Product descriptions from vendor"")'",Electronics part,Cable components
LGP05CV-55L6-477-95FK5-9I1,0,20,20,0,£0.12,F-12-2,2.36,"T222-41:230-4WMQ 4Â£3E6'(""Product descriptions from vendor"")'",Electronics part,Cable components
QLP73PE-51Z0-774-32DH8-5X7,0,32,32,0,£0.12,F-12-2,3.904,"G222-63:783-ER7K oÂ£633'(""Product descriptions from vendor"")'",Electronics part,Cable components
DNH97NH-13H9-780-17VX1-7M9,0,21,21,0,£0.13,F-12-2,2.793,"A222-72:446-J20O tÂ£U6N'(""Product descriptions from vendor"")'",Electronics part,Cable components
DXS05SW-64W4-952-87CV2-9I0,0,90,90,0,£0.15,F-12-2,13.23,"W222-45:639-U9PO 5Â£AB9'(""Product descriptions from vendor"")'",Electronics part,Cable components
UAF83BF-05T9-528-09CB5-7L1,0,232,232,0,£0.17,F-12-2,39.44,"B222-10:737-9NKB wÂ£Z8R'(""Product descriptions from vendor"")'",Electronics part,Cable components
VUG44JP-11H8-201-91QV4-2Z0,0,903,903,0,£0.40,B-23-3,363.006,"B222-56:518-PGVV 1Â£RQJ'(""Product descriptions from vendor"")'",PCB Component,Transistor
NXX21YP-70D9-319-53NY0-2I9,0,179,179,600,£1.69,D-22-2,1316.51,"A222-89:654-HD68 7Â£CQS'(""Product descriptions from vendor"")'",PCB Component,IC's
MYN36UJ-46I9-909-03LS1-7Q5,0,20,20,0,£0.36,C-23-2,7.14,"Z222-65:151-C1Z9 sÂ£YE8'(""Product descriptions from vendor"")'",PCB Component,Connector
PTA01SL-24N9-896-62CI8-1D6,0,100,100,0,£0.49,C-23-2,48.5,"J222-85:417-M1X5 qÂ£6RL'(""Product descriptions from vendor"")'",PCB Component,Connector
PEF30GU-11J9-672-24DZ2-6T1,0,13,13,0,£0.65,C-23-2,8.385,"C222-24:468-8CS7 mÂ£G0J'(""Product descriptions from vendor"")'",PCB Component,Connector
QID22SD-34Z1-431-88JB2-3Y3,0,211,211,0,£0.93,C-23-2,196.652,"V222-47:802-TZGR aÂ£SD0'(""Product descriptions from vendor"")'",PCB Component,Connector
ESO65DX-26X0-859-77LY5-2E9,0,500,500,700,£0.07,C-13-2,88.8,"T222-00:046-X5NL dÂ£OGU'(""Product descriptions from vendor"")'",PCB Component,Diode
PLA95YJ-79V7-032-60BK0-0G8,0,3530,3530,0,£0.37,D-11-2,1309.63,"O222-06:071-XHHD 1Â£HNA'(""Product descriptions from vendor"")'",PCB Component,IC's
VPV83RO-06B9-527-39PV3-5H3,0,-3300,-3300,3300,£0.12,D-11-2,0,"K222-22:942-9WWF 0Â£0YU'(""Product descriptions from vendor"")'",PCB Component,IC's
DIH85SW-97L4-639-49KE6-3T9,0,37,37,0,£1.12,C-13-3,41.44,"Z222-17:663-U2W6 sÂ£AC2'(""Product descriptions from vendor"")'",PCB Component,Various
OJO48GA-15C3-140-09TO0-1A9,0,-24,-84,0,£0.24,C-13-3,-5.724,"K222-96:539-G25N rÂ£Z50'(""Product descriptions from vendor"")'",PCB Component,Various
NLP70CC-88Y7-204-41EV9-0Y5,0,7,-53,0,£0.23,C-13-2,1.596,"D222-30:132-5API dÂ£UIJ'(""Product descriptions from vendor"")'",PCB Component,Diode
OUR39ZH-47B2-252-53CF8-0Y2,0,76,16,0,£0.14,C-13-2,10.336,"V222-83:008-NDNZ wÂ£DTB'(""Product descriptions from vendor"")'",PCB Component,Diode
LAD23ZM-13B4-061-93NG5-0D8,0,44,44,0,£0.23,E-12-3,9.944,"P222-41:588-1XQH 4Â£KBZ'(""Product descriptions from vendor"")'",PCB Component,Transistor
GZZ74NR-11D1-931-17GM5-0E0,0,380,380,0,£0.29,E-12-3,109.82,"Y222-79:031-HULE vÂ£OVH'(""Product descriptions from vendor"")'",PCB Component,Transistor
ZYL74XI-59S1-530-77VK8-5M0,0,2217,2217,0,£0.35,D-21-2,771.516,"Z222-57:460-8EBG rÂ£KJ4'(""Product descriptions from vendor"")'",PCB Component,Various
BEJ25AM-94M2-086-70BC9-7S2,0,215,155,0,£0.14,C-13-2,29.67,"P222-77:813-VASF 2Â£NGS'(""Product descriptions from vendor"")'",PCB Component,Diode
WXR04OB-91H9-380-63UD8-7C2,0,6,6,0,£0.88,D-22-2,5.262,"A222-74:228-NE81 9Â£UKN'(""Product descriptions from vendor"")'",PCB Component,IC's
XWT24TA-67O1-637-58KG5-1Y6,0,13,13,0,£2.58,F-14-1,33.514,"G222-56:354-6OBX 7Â£Y9T'(""Product descriptions from vendor"")'",Electronics part,Cables
AHT61XR-78T4-796-68TO2-4U3,0,1,1,0,£4.25,F-14-1,4.25,"R222-79:483-C299 fÂ£ZGI'(""Product descriptions from vendor"")'",Electronics part,Cables
MAX44LB-00D5-378-83WQ7-2E4,0,200,200,0,£1.06,D-22-2,212,"Q222-73:478-KMPD 8Â£F2N'(""Product descriptions from vendor"")'",PCB Component,IC's
WYE02OV-49M3-828-35DN9-4C8,0,200,200,0,£1.44,E-13-1,288,"E222-85:804-TGNO eÂ£BPW'(""Product descriptions from vendor"")'",PCB Component,IC's
ONJ56RW-55L5-702-96WY5-6N5,0,14,14,0,£0.00,A-54-2,0,"M222-08:028-XM49 gÂ£BW9'(""Product descriptions from vendor"")'",PCB Component,Various
TQM42MC-25T8-734-31MQ8-2C5,0,100,100,0,£6.07,A-54-1,607,"C222-01:209-6JQS 9Â£LVW'(""Product descriptions from vendor"")'",PCB Component,Various
QHQ93FE-09W3-173-22QN7-1I6,0,100,100,0,£11.62,E-13-1,1162,"G222-82:282-CVH0 8Â£4JK'(""Product descriptions from vendor"")'",PCB Component,IC's
HFS16RJ-76Z3-788-88TB7-6E6,0,984,984,0,£0.00,G-13-1,0,"F222-62:871-EA9X dÂ£8F9'(""Product descriptions from vendor"")'",Mechanical part,Fasteners
XCV02UK-91L5-979-41XL9-8L6,0,985,985,0,£0.04,F-13-3,37.43,"B222-55:659-O1JO jÂ£HQ3'(""Product descriptions from vendor"")'",Electronics part,Cable components
AMO21NX-38A4-236-05HB8-7E9,0,495,5,2,£5.14,,,"T222-61:182-O2TH uÂ£SB1'(""Product descriptions from vendor"")'",,
MCU35QD-54R5-847-31XA1-2K1,0,6,6,0,£0.88,D-22-2,5.262,"D222-80:486-3OX1 pÂ£LC3'(""Product descriptions from vendor"")'",,Various
LDB23TS-62M7-970-25QT8-4U6,0,13,13,0,£2.58,F-14-1,33.514,"L222-90:506-DNQT vÂ£0VC'(""Product descriptions from vendor"")'",,Various
FYZ37PI-48S5-796-35US9-1E1,0,1,1,0,£4.25,F-14-1,4.25,"W222-81:617-OJL4 1Â£TUA'(""Product descriptions from vendor"")'",,IC's
